padrao,conta_alvo
TRESS MERCADO VAREJIST NITEROI,Expenses:Alimentacao
PAGAMENTO DE FATURA,Liabilities:Circulante:Cartoes:Saraiva
ARMAZEM CAMBOINHAS,Expenses:Alimentacao
UBER UBER PENDING,Expenses:DespesasPessoais:Carol
SUPERMERCADO REAL NITE,Expenses:Alimentacao
EXTRA HIPER 1804,Expenses:Alimentacao
SUPERMERCADO REAL NITE NITEROI,Expenses:Alimentacao
UBER TRIP WWW UBER COM,Expenses:DespesasPessoais:Ana
PASSAGENS SEMANA CAROL,Expenses:DespesasPessoais:Carol
AJUDE CUSTO ANGÉLICA,Expenses:Moradia:Manutencoes
AJUDA MENSAL NININHA,Expenses:AjudaFamilia:Dadi
NETFLIX,Expenses:Lazer:Streaming
CESTA BÁSICA CRISTIANE DO JACARÉ,Expenses:PresentesDoacoes:AjudasDiversas
SEM PARAR,Expenses:Automovel:EstacionamentosPedagios
TIM MAISBBB248M RIO DE JANEIR BR,Expenses:DespesasPessoais:Carol
AMAZON KINDLE UNLTD,Expenses:DespesasPessoais:Eduardo
SALÁRIO,Income:Ativa:Salario:Serpro
LUZ,Expenses:Moradia:Luz
LESTE TELECOM,Expenses:Moradia:Internet
AJUDA PLANO SAÚDE LULUCA,Expenses:AjudaFamilia:Dadi
UNIMED ISABELA,Expenses:AjudaFamilia:AjudaBrunaIsabela
UBER PENDING,Expenses:DespesasPessoais:Carol
MESADA ISABELA,Expenses:AjudaFamilia:AjudaBrunaIsabela
CONTA DE ÁGUA,Expenses:Moradia:Agua
BABA EMPRÉSTIMO,Expenses:DespesasReembolsadas
PVBI11,Income:Investimentos
VRTA11 20,Income:Investimentos
XPLG11 19,Income:Investimentos
HGRU X 30,Income:Investimentos
RECR11 24,Income:Investimentos
PAGTO CONTA TELEFONE TIM S A 3357,Expenses:DespesasPessoais:Eduardo
HGLG11 X 10,Income:Investimentos
VISC11 X 10,Income:Investimentos
DL GOOGLE APPLE SAO PAULO APPLE TV,Expenses:Lazer:Streaming
BTLG11,Income:Investimentos
CURSO TATUAGEM JUJU,Expenses:AjudaFamilia:AjudaJuju
ESCOLA BELA PARTE,Expenses:AjudaFamilia:AjudaBrunaIsabela
XPML11 20,Income:Investimentos
MCCI11 X 10,Income:Investimentos
MESADA CAROL,Expenses:DespesasPessoais:Carol
ALZR11 X 20,Income:Investimentos
APOIASE APOIASE VARIO SÃO PAULO,Expenses:DespesasPessoais:Eduardo
AMAZON BR SAO PAULO,Expenses:Alimentacao
WELLHUB GYMPASS BR GYMPSAO PAULO,Expenses:DespesasPessoais:Ana
PSICOLOGIA ANA,Expenses:DespesasPessoais:Ana
BABA FORMINHAS,Expenses:AjudaFamilia:Dadi
IPTU 2025,Expenses:ImpostosTaxasJuros:Impostos
DROG ESPACO SAUDE,Expenses:Saude:Medicamentos
WELLHUB GYMPASS BR GYMPSAO PAULO CAROL,Expenses:DespesasPessoais:Carol
WELLHUB GYMPASS BR GYMPSAO PAULO BR R BUBU,Expenses:AjudaFamilia:AjudaBrunaIsabela
SUPERMERCADO PADRAO D NITEROI,Expenses:Alimentacao
IRDM11,Income:Investimentos
UBER UBER PENDING SAO PAULO BRA,Expenses:DespesasPessoais:Eduardo
CAROLINA CARVALHO DE CARVALHO,Expenses:DespesasPessoais:Carol
UBER CAROL,Expenses:DespesasPessoais:Carol
EXTRA HIPER 1804 NITEROI,Expenses:Alimentacao
APOIO JONES MANUEL,Expenses:DespesasPessoais:Eduardo
ÓCULOS,Expenses:DespesasPessoais:Eduardo
HBO MAX,Expenses:Lazer:Streaming
MAQUINA LAVAR,Assets:NaoCirculante:Imobilizado
DROGARIA PRECO POPULAR NITEROI,Expenses:Saude:Medicamentos
DROGARIA PRECO POPULAR,Expenses:Saude:Medicamentos
JUJU PASSAGEM,Expenses:AjudaFamilia:AjudaJuju
TELEFONE ANA,Expenses:DespesasPessoais:Ana
POLTRONA PAPAI,Expenses:AjudaFamilia:Dadi
DROGARIA VENANCIO,Expenses:Saude:Medicamentos
UBER PENDING SAO PAULO,Expenses:DespesasPessoais:Ana
SANDRO JARDIM,Expenses:Moradia:Manutencoes
SPOTIFY,Expenses:Lazer:Streaming
GOOGLE ARMAZENAMENTO E GEMINI,Expenses:Moradia:Diversos
TRANSFERENCIA,Income:Diversos
MARY COOKS,Expenses:Lazer:BaresERestaurantes
DL GOOGLE YOUTUBEPREM,Expenses:Lazer:Streaming
POSTO MARALEGRE NITEROI,Expenses:Automovel:Gasolina
ASA ACADEMIA PARC,Expenses:AjudaFamilia:AjudaBrunaIsabela
MALL11 X 20,Income:Investimentos
TRESS MERCADO VAREJIST,Expenses:Alimentacao
TAYNA MARIANO DA SILVA,Expenses:Moradia:Manutencoes
FARMACIA CAMBOINHAS LT NITEROI,Expenses:Saude:Medicamentos
FARMACIA CAMBOINHAS,Expenses:Saude:Medicamentos
PROV JUROS S CAPITAL 33 ITSA4,Income:Investimentos
ESPACOLASERRJ,Expenses:DespesasPessoais:Carol
REBECA PORTO CAKE,Expenses:Lazer:BaresERestaurantes
MR TRIGO,Expenses:Alimentacao
ISJBCOLEGIO S PARC NITEROI,Expenses:AjudaFamilia:AjudaBrunaIsabela
STAR PLUS MERCADO LIVRE,Expenses:Lazer:Streaming
AMAZON BR,Expenses:DespesasPessoais:Carol
EBN SPOTIFY CURITIBA BRA,Expenses:Lazer:CinemaEAluguelDeVideosEMusica
DÍZIMO,Expenses:PresentesDoacoes:Dizimos
DM HELPHBOMAXCOM NEW YORK BRA,Expenses:Lazer:Streaming
TRESS MERCADO VAREJIST R,Expenses:Alimentacao
AR CONDICIONADO ESCRITORIO,Assets:NaoCirculante:Imobilizado
AJUDA DE CUSTO IGREJA,Income:Ativa:AjudaDeCusto
ANA LUCIA COSTA CARVALHO DE CARVALHO,Expenses:DespesasPessoais:Ana
TICKETS FOR TF SAO PAULO BRA,Expenses:DespesasPessoais:Carol
TABLET,Expenses:DespesasPessoais:Eduardo
PÓS GRAD DE ANA,Expenses:DespesasPessoais:Ana
CONDOMINIO DO ITAIPU M,Expenses:DespesasPessoais:Ana
SUPERMERCADO PADRAO D,Expenses:Alimentacao
ARMAZEM CAMBOINHAS NITEROI,Expenses:Alimentacao
WINE,Expenses:Alimentacao
IFOOD CLUB OSASCO,Expenses:Lazer:BaresERestaurantes
BELLINE,Expenses:Lazer:BaresERestaurantes
PROV RENDIMENTO 100 PETR4,Income:Investimentos
SMARTWATCHE,Expenses:DespesasPessoais:Eduardo
AMAZON BR SAO PAULO BRA,Expenses:DespesasPessoais:Carol
POSTO MARALEGRE,Expenses:Automovel:Gasolina
REAL DE NITEROI,Expenses:Alimentacao
DRYKABELEZACO PARC,Expenses:DespesasPessoais:Ana
IOF COMPRA NO EXTERIOR,Expenses:DespesasPessoais:Eduardo
GOOGLE YOUTUBE MEMBER SAO PAULO BRA,Expenses:DespesasPessoais:Eduardo
PMLL11 X 22,Income:Investimentos
POPULAR ITAIPU,Expenses:Saude:Medicamentos
POSTO TREVO DE PIRATI,Expenses:Automovel:Gasolina
FEITICOS DA SOGRA,Expenses:Lazer:BaresERestaurantes
EBN TIKTOK SHOP SAO PAULO BRA,Expenses:DespesasPessoais:Carol
DROGAS PACHECO 238,Expenses:Saude:Medicamentos
DROGARIA VENANCIO NITERI,Expenses:AjudaFamilia:AjudaJuju
MARY COOKS R,Expenses:Lazer:BaresERestaurantes
GENERA,Expenses:DespesasPessoais:Eduardo
AMOEDO ITAIPU NITEROI,Expenses:Moradia:Manutencoes
MEGA LIMITED SALAMANCA ESP,Expenses:Moradia:Diversos
MERCADOLIVRE 5PRODUTOS OSASCO,Expenses:Alimentacao
IOF DIAR ROT PF REF,Expenses:ImpostosTaxasJuros:Impostos
DROGAS PACHECO 238 NITEROI,Expenses:Saude:Medicamentos
ICL COM APOIO A BOLSISTA,Expenses:DespesasPessoais:Eduardo
DÍZIMO CONGRUAS OFERTA ALIMENTAÇÃO PROJETO,Expenses:PresentesDoacoes:Dizimos
PROV DIVIDENDOS 100 PETR4,Income:Investimentos
AJUSTE SALDO,Expenses:Diversos
IMBATIVEL SUPERMERCAD NITEROI,Expenses:Alimentacao
PROV JUROS S CAPITAL 100 PETR4,Income:Investimentos
POSTO TREVO DE PIRATIN NITEROI,Expenses:Automovel:Gasolina
CHATPDF R,Expenses:DespesasPessoais:Eduardo
MÁRCIO HOSPEDAGEM CAROL,Expenses:DespesasPessoais:Carol
Q CHOPP BRAHMA 2,Expenses:Lazer:BaresERestaurantes
ESTACIONAMENTO MULITCENTER,Expenses:DespesasPessoais:Ana
IFD FALHEIRO MONTEIRO,Expenses:Lazer:BaresERestaurantes
EC EC MELIMAIS OSASCO BRA STARPLUZ,Expenses:Lazer:Streaming
09 DE NOV 2025 MP MELIMAIS R,Expenses:Lazer:Streaming
VER PARA CRER COMERCIO,Expenses:DespesasPessoais:Ana
ZIG ARENA JOCKEY R,Expenses:DespesasPessoais:Carol
AVELA TORTAS E BOLOS,Expenses:Lazer:BaresERestaurantes
IFOOD IFOOD VILA YARA OSA,Expenses:Lazer:BaresERestaurantes
PIX ENVIADO CP SHPP BRASIL INSTITUICAO DE PAG SHPP BRASIL INSTITUICAO DE PAG,Expenses:DespesasPessoais:Eduardo
ARBO VITAE,Expenses:AjudaFamilia:AjudaJuju
CALIFORNIA COFFEE,Expenses:DespesasPessoais:Eduardo
RESGATE PONTOS,Income:Passiva:Bonificacao
BRUNA CARVALHO FONTES,Expenses:AjudaFamilia:AjudaBrunaIsabela
NATAL,Expenses:Lazer:Viagem
OCCHIO LANCHONETE E CAFETERIA LTDA,Expenses:Lazer:BaresERestaurantes
NITEROI PARK LTDA,Expenses:DespesasPessoais:Eduardo
OPENAI CHATGPT SUBSCR SAN FRANCISCO USA,Expenses:DespesasPessoais:Eduardo
COBRANÇA DE I O F IOF SALDO DEVEDOR CONTA,Expenses:ImpostosTaxasJuros:Impostos
COMPAO ITAIPU,Expenses:Lazer:BaresERestaurantes
MP AVSWIM PARC RIO DE JANEI,Expenses:DespesasPessoais:Ana
MR TRIGO NITEROI,Expenses:DespesasPessoais:Eduardo
ISABELA FONTES ELIAS,Expenses:AjudaFamilia:AjudaBrunaIsabela
KOPENHAGEM ITAIPU,Expenses:DespesasPessoais:Eduardo
JUROS DE MORA,Expenses:ImpostosTaxasJuros:Juros
JUROS TOTAIS ATÉ ESSE MÊS AINDA NÃO LANÇADOS ANTERIORMENTE,Income:Investimentos
IOF ADIC ROT PF REF,Expenses:ImpostosTaxasJuros:Impostos
POPULAR ITAIPU NITEROI,Expenses:Saude:Medicamentos
POSTO TREVO DE PIRATIN,Expenses:Automovel:Gasolina
DROGARIA CRISTAL,Expenses:Saude:Medicamentos
RAIADROGASILSA NITEROI,Expenses:Saude:Medicamentos
CAFÉ EXPRESSO,Expenses:Alimentacao
CARRO ENCHENTE,Expenses:Automovel:Manutencoes
CASA E VIDEO 264,Assets:NaoCirculante:Imobilizado
PIX RECEBIDO 00019 CAROLINA CARVALHO CAROLINA CARVALHO DE CARVALHO,Expenses:DespesasPessoais:Ana
PIX RECEBIDO DE ANA LUCIA COSTA CARVALHO DE CARVALHO,Expenses:DespesasPessoais:Ana
PIX ENVIADO CP ANGELICA MARIANO DA SILVA ANGELICA MARIANO DA SILVA,Expenses:Moradia:Manutencoes
DEBITO B3 IRRF IRRF,Expenses:ImpostosTaxasJuros:Impostos
UVA CAROL,Expenses:DespesasPessoais:Carol
PIX ENVIADO 00019 CAROLINA CARVALHO CAROLINA CARVALHO DE CARVALHO,Expenses:DespesasPessoais:Carol
DIVERSOS CAROL,Expenses:DespesasPessoais:Carol
PIX ENVIADO 00019 ANA CARVALHO ANA LUCIA COSTA CARVALHO DE CARVALHO,Expenses:DespesasPessoais:Ana
PAGAMENTO DE BOLETO PORTO S COMP DE S GERAIS,Expenses:Automovel:Seguro
AMOEDO ITAIPU,Assets:NaoCirculante:Imobilizado
HAVONNAN,Expenses:Moradia:Diversos
SUPERMERCADO REAL NITE R,Expenses:Alimentacao
T4F METROPOL TF RIO DE JANEIR BRA,Expenses:DespesasPessoais:Carol
SPOLETO COMPACT ITAIPU,Expenses:Lazer:BaresERestaurantes
SANDRO,Expenses:Moradia:Manutencoes
SANTOS DUMONT RIO DE JANEIR BRA,Expenses:Lazer:BaresERestaurantes
SEGURO CARRO,Expenses:Automovel:Seguro
ANGELICA,Expenses:Moradia:Manutencoes
AMAZON,Expenses:Alimentacao
GOOGLE YOUTUBEPREMIUM SAO PAULO BRA,Expenses:Lazer:Streaming
FELIPE LOPES FRAGA,Expenses:DespesasPessoais:Eduardo
FLORAL TERAPIA NAZARE PAULIS BRA,Expenses:DespesasPessoais:Carol
FRIEND S LAVA JATO,Expenses:Automovel:Manutencoes
FASHION BUSIN PARC NITEROI,Expenses:DespesasPessoais:Carol
23 DE OUT 2025 PURO SUCO ITA R,Expenses:DespesasPessoais:Carol
24 DE NOV 2025 PG MAKAI BIKINI INDUS PARCELA R,Expenses:DespesasPessoais:Carol
18 DE JUN 2025 MP APICECOSMETIC ARCELA R,Expenses:DespesasPessoais:Carol
14 DE NOV 2025 GOOGLE YOUTUBEPREMIUM R,Expenses:Lazer:Streaming
USE GAS NITEROI,Expenses:Alimentacao
VARIEDADES PIRATININ,Expenses:Moradia:Diversos
USE GAS COMERCIO E TR,Expenses:Alimentacao
UBER TRIP HELP UBER COSAO PAULO,Expenses:DespesasPessoais:Ana
UBER TRIP OSASCO,Expenses:DespesasPessoais:Ana
MERCADOLIVRE MILEVADISTOSASCO,Expenses:Moradia:Diversos
MERCADOLIVRE 4PRODUTOS OSASCO,Expenses:Diversos
MERCADO ML,Expenses:Alimentacao
MERCADO TOTAL,Expenses:Alimentacao
MCDONALDS NITEROI,Expenses:Lazer:BaresERestaurantes
MERCADO,Expenses:Alimentacao
MARY COOKS NITEROI,Expenses:DespesasPessoais:Eduardo
MARCIO ALEXANDRE COSTA CARVALHO,Expenses:DespesasPessoais:Ana
M ITAIPU CAFE,Expenses:DespesasPessoais:Eduardo
MAIS 1 BAR PIRATININ,Expenses:Lazer:BaresERestaurantes
DILO CAFETERIA RESTAUR NITEROI,Expenses:DespesasPessoais:Eduardo
DIVERSOS NÃO IDENTIFICADOS ATÉ,Expenses:Diversos
DEPARTAMENTO DE TRANSITO DO ESTADO DO RIO DE JANEIRO,Expenses:DespesasPessoais:Eduardo
CREDITO EVENTO B3 PROV DIVIDENDOS 100 EGIE3 PROV DIVIDENDOS 100 EGIE3,Income:Investimentos
CREDITO EVENTO B3 PROV JUROS S CAPITAL 100 NEOE3 PROV JUROS S CAPITAL 100 NEOE3,Income:Investimentos
LIVELO SANTANA DE PA BRA,Expenses:DespesasPessoais:Carol
KOPENHAGEM ITAIPU NITEROI,Expenses:DespesasPessoais:Eduardo
LAGOA II MATERIAL DE C,Expenses:Moradia:Diversos
PIX ENVIADO 10 41 WISE BRASIL CORRETORA DE C,Expenses:Lazer:Viagem
PG LOJINHA DA MAIT,Expenses:DespesasPessoais:Carol
OUTBACK NITEROI,Expenses:DespesasPessoais:Ana
NAT NATURA PAGAMENTOS,Expenses:DespesasPessoais:Ana
MP TRAILERSANTOS,Expenses:DespesasPessoais:Carol
MULTA POR ATRASO,Expenses:DespesasPessoais:Eduardo
COBRANÇA DE JUROS JUROS SALDO DEVEDOR CONTA,Expenses:ImpostosTaxasJuros:Juros
CHEIRIN BAO PIRATINIGA,Expenses:DespesasPessoais:Eduardo
MP KARENFARIAS OSASCO,Expenses:DespesasPessoais:Ana
MODA MUNDIAL SHEI,Expenses:DespesasPessoais:Ana
MONARCA BURGERS PIRA,Expenses:Lazer:BaresERestaurantes
LAGOA II MATERIAL DE C NITEROI,Expenses:Moradia:Manutencoes
JOSEEDMILSOND NISIA FLORES,Expenses:Lazer:Viagem
IOF COMPRA INTERNACIONAL,Expenses:ImpostosTaxasJuros:Impostos
IMPOSTO PROV IRRF LFT IR IOF TESOURO DIRETO,Expenses:ImpostosTaxasJuros:Impostos
DRYKABELEZACOIFFE,Expenses:DespesasPessoais:Ana
DROGARIA TAMOIO,Expenses:DespesasPessoais:Carol
DROGARIAS PACHECO,Expenses:DespesasPessoais:Carol
DROGARIAS PACHECO NITEROI,Expenses:Saude:Medicamentos
DROG ESPACO SAUDE NITEROI,Expenses:Saude:Medicamentos
DL UBERRIDES,Expenses:DespesasPessoais:Carol
POSTO TREVO DE PIRATIN R,Expenses:Automovel:Gasolina
POSTO JARDIM UBA NITEROI,Expenses:Automovel:Gasolina
PIX IFOOD COM AGENCIA DE RESTAURANTES ONLINE S A,Expenses:Lazer:BaresERestaurantes
PIX MAIS MOBI,Expenses:DespesasPessoais:Eduardo
CASA E VIDEO 264 NITEROI,Assets:NaoCirculante:Imobilizado
CAROL ACADEMIA,Expenses:DespesasPessoais:Carol
CAFÉ DESCAFEINADO,Expenses:Alimentacao
BURGER KING,Expenses:Lazer:BaresERestaurantes
PIX ENVIADO CP BRUNA CARVALHO FONTES BRUNA CARVALHO FONTES,Expenses:AjudaFamilia:AjudaBrunaIsabela
RDSAUDE ONLINE SAO PAULO,Expenses:DespesasPessoais:Ana
RDSAUDE ONLINE SAO PAULO BRA,Expenses:Saude:Medicamentos
REBECA PORTO CAKE NITEROI,Expenses:Lazer:BaresERestaurantes
RAIA DROGASIL S A,Expenses:Saude:Medicamentos
RAIA2694 NITERI,Expenses:Saude:Medicamentos
RAIADROGASILSA,Expenses:DespesasPessoais:Carol
PROV JUROS S CAPITAL 32 ITSA4,Income:Investimentos
PROV DIVIDENDOS 33 ITSA4,Income:Investimentos
PROV JUROS S CAPITAL 100 MYPK3,Income:Investimentos
PROV JUROS S CAPITAL 100 TAEE11,Income:Investimentos
PROV DIVIDENDOS 100 TAEE11,Income:Investimentos
BAROKE,Expenses:DespesasPessoais:Ana
BEBETORACOES,Expenses:DespesasPessoais:Ana
AR CONDICIONADO,Assets:NaoCirculante:Imobilizado
DOMUSBRASILI BELO HORIZON BR R,Expenses:AjudaFamilia:AjudaBrunaIsabela
IGREJA PRESBITERIANA BETANIA DE PIRATININGA,Expenses:PresentesDoacoes:AjudasDiversas
IMPERIO DAS BEBIDAS,Expenses:Lazer:BaresERestaurantes
IMPERIODASBEBIDAS NITEROI,Expenses:Lazer:BaresERestaurantes
IFD BURGKINGSHO2C612D3,Expenses:DespesasPessoais:Eduardo
IFD FALHEIRO MONTEIRO NITEROI,Expenses:Lazer:BaresERestaurantes
IFD IFOOD CLUB,Expenses:DespesasPessoais:Carol
IFD MAJU PIZZARIA LTDA,Expenses:Lazer:BaresERestaurantes
EXTRA HIPER 1804 R,Expenses:Alimentacao
FALHEIROS PIZZA,Expenses:Lazer:BaresERestaurantes
FALHEIROS PIZZA NITEROI,Expenses:Lazer:BaresERestaurantes
FARMACIA CAMBOINHAS LT R,Expenses:Saude:Medicamentos
EUROS,Expenses:Lazer:Viagem
ENCARGOS,Expenses:ImpostosTaxasJuros:Juros
ENCARGOS FINANC ROTATIVO,Expenses:DespesasPessoais:Eduardo
VERA LUCIA COSTA CARVALHO,Expenses:Alimentacao
ZEE NOW PARC,Expenses:DespesasPessoais:Carol
ZEENOW SAO PAULO,Expenses:DespesasPessoais:Ana
UBER,Expenses:DespesasPessoais:Carol
28 DE MAR 2025 HUNGARA LANCHES CANTAR R,Expenses:DespesasPessoais:Carol
WEBCAM,Expenses:DespesasPessoais:Eduardo
VENTANIA SAO FRANCISCO,Expenses:DespesasPessoais:Eduardo
TRIBO DO SABER,Expenses:DespesasPessoais:Ana
TUTTI AMICI,Expenses:DespesasPessoais:Carol
UBER PENDING OSASCO BRA,Expenses:DespesasPessoais:Eduardo
UBER TRIP,Expenses:DespesasPessoais:Carol
UBER UBER TRIP HELP U,Expenses:DespesasPessoais:Carol
UNIDAS LOCADO PARC,Expenses:Lazer:Viagem
A TRAJETÓRIA DE JOAQUIM PINTO DE OLIVEIRA,Expenses:DespesasPessoais:Eduardo
ABSKAN,Expenses:Lazer:BaresERestaurantes
ABSKAN NITEROI,Expenses:Lazer:BaresERestaurantes
ACENDEDOR DE FOGÃO VELAS ELETRÔNICO PLASMA RECARREGÁVEL USB,Assets:NaoCirculante:Imobilizado
ACENDEDORES FOGÃO,Assets:NaoCirculante:Imobilizado
ACERTO SALDO,Income:Diversos
ACHEVENTOSEFEIRAS,Expenses:DespesasPessoais:Carol
ADAOPRAIAFLA BAR RIO DE JANEIR BRA,Expenses:DespesasPessoais:Eduardo
VARINHAQUEBRADA,Expenses:DespesasPessoais:Carol
VEIGA CAROL ATRASADO,Expenses:DespesasPessoais:Carol
02 DE JAN 2026 UBER UBER TRIP HELP U R,Expenses:DespesasPessoais:Carol
28 DE OUT 2025 IFD IFOOD CLUB R,Expenses:Lazer:BaresERestaurantes
3 CORAÇÕES CÁPSULAS DE CAFÉ MOGIANA PAULISTA COMPATÍVEIS COM NESPRESSO CONTÉM 10 CÁPSULAS4 3 CORAÇÕES CÁPSULAS DE CAFÉ MOGIANA PAULISTA COMPATÍVEIS COM NESPRESSO CONTÉM 10 CÁPSULAS,Expenses:Alimentacao
4 AZEITES,Expenses:Alimentacao
A BRIEF HISTORY OF THOUGHT,Expenses:DespesasPessoais:Eduardo
A IMAGINAÇÃO PROFÉTICA,Expenses:DespesasPessoais:Eduardo
TOALHAS DE PRATO,Expenses:Moradia:Diversos
TONEIRA COZINHA,Assets:NaoCirculante:Imobilizado
TOP ARABE,Expenses:DespesasPessoais:Eduardo
TOP MIX FASHION NITEROI,Expenses:DespesasPessoais:Ana
TRANSF ENVIADA PIX,Expenses:Ajustes
TRANSF ENVIADA PIX CALÇA ANA,Expenses:DespesasPessoais:Ana
TRANSF ENVIADA PIX FRETE GELADEIRA,Expenses:Moradia:Manutencoes
TRANSF ENVIADA PIX GORJETA ENTREGA,Assets:NaoCirculante:Imobilizado
SUPERMERCADO REAL,Expenses:Alimentacao
SUPERMERCADO REAL NITE NITEROI BRMER,Expenses:Alimentacao
SURFSHARK COM,Expenses:DespesasPessoais:Eduardo
TAMPA CAIXA DE GORDURA,Expenses:Moradia:Manutencoes
TAYNA MARIANO DA SILVA AJUDA CUSTO ANGELICA,Expenses:Moradia:Manutencoes
TAYNA MARIANO DA SILVA ANGELICA,Expenses:Moradia:Manutencoes
TENAZ CAFE NITEROI,Expenses:DespesasPessoais:Eduardo
TOALHA DE LOUÇA,Expenses:Moradia:Diversos
EBN TEMU COM CURITIBA,Expenses:DespesasPessoais:Ana
EDUARDO DIVERSOS,Expenses:DespesasPessoais:Eduardo
EDUARDO PEIXOTO ABREU VESTUARIO,Expenses:DespesasPessoais:Carol
ELETRO HIDRAULICA CER NITEROI,Expenses:Moradia:Manutencoes
ELETRO HIDRAULICA PIRA NITEROI,Expenses:Moradia:Manutencoes
ERIKA PENAFORTE DE ALM,Expenses:Moradia:Diversos
EVERTON SILVA CARVALHO,Expenses:Automovel:Manutencoes
FAIXA QUEIXEIRA ZERO RONCO AJUSTAVEL 3 PONTA APNEIA,Expenses:DespesasPessoais:Eduardo
GASOLINA MENSAL,Expenses:Automovel:Gasolina
GASOLINA TOTAL,Expenses:Automovel:Gasolina
GUARDA SOL GIGANTE 2 40M UV PRAIA PISCINA RESPIRÁVEL VERÃO,Expenses:Moradia:Diversos
HAPPY CENTER COMERCIO NITEROI,Expenses:PresentesDoacoes:AjudasDiversas
EBN CANVA04643 54 CURITIBA BRA,Expenses:DespesasPessoais:Carol
EBN CANVA04673 48,Expenses:DespesasPessoais:Carol
EBN CANVA04704 56,Expenses:DespesasPessoais:Carol
EBN CANVA0475,Expenses:DespesasPessoais:Carol
FGTS SAQUE ANIVERSÁRIO,Income:Diversos
FORTEL,Expenses:Moradia:Manutencoes
FRIEND S LAVA JATO R,Expenses:Automovel:Manutencoes
GABRIEL LANDI FAZZIO LIVROS,Expenses:DespesasPessoais:Eduardo
GARAGE RIO,Expenses:DespesasPessoais:Carol
GARDEN CENTER II NITEROI,Expenses:Moradia:Diversos
GARGANTA,Expenses:Saude:Medicamentos
GAS BUBU,Expenses:AjudaFamilia:AjudaBrunaIsabela
25 DE NOV 2025 UBER TRIP R,Expenses:DespesasPessoais:Carol
FARMACIA CAMBOINHAS NITEROI,Expenses:Saude:Medicamentos
FARMACIA DE MANIPULACA,Expenses:DespesasPessoais:Eduardo
FARMACIAS,Expenses:Saude:Medicamentos
FARMACIAS DIVERSAS CAROL,Expenses:Saude:Medicamentos
FARMÁRCIAS NÃO LANÇADAS,Expenses:Saude:Medicamentos
FECA E FEL,Expenses:PresentesDoacoes:AjudasDiversas
FERIAS IGREJA,Income:Ativa:AjudaDeCusto
DREAH FASHION COMERCIO,Expenses:Reembolsadas
DROG ESPACO SAUDE R,Expenses:Saude:Medicamentos
DROG OCEAN FARMA,Expenses:Saude:Medicamentos
DROG OCEAN FARMA NITEROI,Expenses:Saude:Medicamentos
DROGARIA PRECO POPULAR R,Expenses:Saude:Medicamentos
DROGARIA VENANCIO NITEROI,Expenses:Saude:Medicamentos
DROGARIAS PACHECO S A,Expenses:DespesasPessoais:Carol
DROP BURGER,Expenses:DespesasPessoais:Carol
IFOOD IFD VILA YARA OSA,Expenses:Lazer:BaresERestaurantes
IFOOD OSASCO,Expenses:Lazer:BaresERestaurantes
IMBATIVEL SUPERMERCAD,Expenses:Alimentacao
IMPERIO DAS BEBIDAS E,Expenses:Lazer:BaresERestaurantes
IMPORT FIT,Expenses:DespesasPessoais:Ana
DL GOOGLE YOUTUB R,Expenses:Lazer:CinemaEAluguelDeVideosEMusica
DL TIKTOK SHOP L SAO PAULO BRA,Expenses:DespesasPessoais:Carol
DLOCAL BRASIL INSTITUICAO DE PAGAMENTO S A,Expenses:Diversos
IFD IFOOD OSASCO,Expenses:Lazer:BaresERestaurantes
IFD LFJP ALIMENTOS LTD,Expenses:Lazer:BaresERestaurantes
IFD MAJU PIZZARIA,Expenses:Lazer:BaresERestaurantes
IFD SEM MYSERRE GASTRO,Expenses:Lazer:BaresERestaurantes
IFOOD CLUB,Expenses:DespesasPessoais:Carol
IFOOD CLUB OSASCO BR R,Expenses:Lazer:BaresERestaurantes
IFOOD IFD CONI CAMB VILA YARA OSA,Expenses:Lazer:BaresERestaurantes
IFOOD IFD IFOOD CLU OSASCO,Expenses:Lazer:BaresERestaurantes
FARMACIA APOLO,Expenses:Saude:Medicamentos
HIDROMEL,Expenses:Alimentacao
HORTIFRUTI REGIAO OCEA,Expenses:Alimentacao
HORTIFRUTI REGIAO OCEA NITEROI,Expenses:Alimentacao
HOSPITAL PARKING,Expenses:DespesasPessoais:Eduardo
HUB ESTANTEVIRTUA SAO PAULO,Expenses:DespesasPessoais:Eduardo
HUNGARA,Expenses:DespesasPessoais:Carol
IFD ASSB COMERCIO VAREJNITEROI,Expenses:Alimentacao
JOSE E A CARVALHO MP DUDAMOTO 85,Expenses:Lazer:BaresERestaurantes
JOSE E A CARVALHO POSTO TREVO DE PIRATI 100,Expenses:Automovel:Gasolina
JULIANA CARVALHO FONTES,Expenses:AjudaFamilia:AjudaJuju
JULIO CESAR FERREIRA CRUZ,Expenses:Moradia:Diversos
JUROS SALDO DEVEDOR CONTA COBRANÇA DE JUROS,Expenses:ImpostosTaxasJuros:Juros
JUROS TOTAIS INVESTIMENTO ATÉ AQUI,Income:Investimentos
KAFE RIO DE JANEIR,Expenses:Lazer:BaresERestaurantes
KAORI,Expenses:DespesasPessoais:Ana
ITSA4 JCP,Income:Investimentos
J R POSTO DE COMBUSTIV,Expenses:Automovel:Gasolina
JETRO PAULO WEBER,Expenses:DespesasPessoais:Eduardo
JOCILEIA MARIA DA SILVANITEROI,Expenses:DespesasPessoais:Ana
JOSE E A CARVALHO ARMAZEM CAMBOINHAS 46 43,Expenses:Alimentacao
JOSE E A CARVALHO ATELIE SGC NITEROI FOR 25,Expenses:DespesasPessoais:Ana
JOSE E A CARVALHO ATELIE SGC NITEROI FOR 9,Expenses:DespesasPessoais:Ana
JOSE E A CARVALHO MERCADOLIVRE MERCADOL 197 61,Expenses:Alimentacao
IOF ROTATIVO,Expenses:ImpostosTaxasJuros:Impostos
IOF SALDO DEVEDOR CONTA COBRANÇA DE I O F,Expenses:ImpostosTaxasJuros:Impostos
IPTU 2026,Expenses:ImpostosTaxasJuros:Impostos
IPUCENTER,Expenses:DespesasPessoais:Ana
IPUCENTER NITEROI,Expenses:DespesasPessoais:Ana
IR IOF TESOURO DIRETO,Expenses:ImpostosTaxasJuros:Impostos
IRRF ETFRF IMAB11,Expenses:ImpostosTaxasJuros:Impostos
ISJBCOLEGIO SALESIANO NITEROI,Expenses:AjudaFamilia:AjudaBrunaIsabela
DRYKABELEZACOIFFE NITEROI,Expenses:DespesasPessoais:Ana
DUAS TORNEIRAS,Assets:NaoCirculante:Imobilizado
IMPOSTO PROV IOF TD LFT IR IOF TESOURO DIRETO,Expenses:ImpostosTaxasJuros:Impostos
IMPRESSORA E KIT TECLADO MOUSE SEM FIO,Expenses:Moradia:Diversos
INGRESSO COM RIO DE JANEIR BRA,Expenses:DespesasPessoais:Carol
INSTALAÇÃO AR TQIARTO,Assets:NaoCirculante:Imobilizado
INTER CEL 01,Income:Diversos
IOF CHEQUE ESPECIAL,Expenses:ImpostosTaxasJuros:Impostos
CÂMBIO ACERA,Expenses:DespesasPessoais:Eduardo
DALYBATATAS,Expenses:Lazer:BaresERestaurantes
DANE RESTAURANTE E LAN,Expenses:Lazer:BaresERestaurantes
DANOS VORAZES OLEO REPARADOR LOLA COSMETICS,Expenses:DespesasPessoais:Carol
DECALCIFICANTE,Expenses:DespesasPessoais:Eduardo
DELIVERY,Expenses:DespesasPessoais:Carol
DELIVERY SÃO GONÇALO,Expenses:DespesasPessoais:Carol
DELIVERY TGN,Expenses:DespesasPessoais:Carol
CREDITO EVENTO B3 PROV DIVIDENDOS 100 TAEE11 PROV DIVIDENDOS 100 TAEE11,Income:Investimentos
CREDITO EVENTO B3 PROV FRACOES IRIM15 PROV FRAÃ ÃΜES IRIM15,Income:Investimentos
CREDITO EVENTO B3 PROV JUROS S CAPITAL 100 GMAT3 PROV JUROS S CAPITAL 100 GMAT3,Income:Investimentos
CREDITO EVENTO B3 PROV JUROS S CAPITAL 200 CPLE3 PROV JUROS S CAPITAL 200 CPLE3,Income:Investimentos
CREDITO EVENTO B3 PROV RENDIMENTO 8 IRIM15 PROV RENDIMENTO 8 IRIM15,Income:Investimentos
CREDITO EVENTO B3 PROV RESGATE RENDA VARIAVEL IRDM11 PROV RESGATE RENDA VARIAVEL IRDM11,Income:Investimentos
CREMES CAROL AMAZON,Expenses:DespesasPessoais:Carol
CUECAS,Expenses:DespesasPessoais:Eduardo
LAGOA II MATERIAL DE C CADEADO,Expenses:Moradia:Manutencoes
LANCHES CAROL,Expenses:DespesasPessoais:Carol
LANCHONETEPAMONHA SAQUAREMA BRA,Expenses:Lazer:BaresERestaurantes
LEVE E NATURAL COMERCI NITEROI,Expenses:Alimentacao
LIXEIRA BANHEIRO,Assets:NaoCirculante:Imobilizado
LOJAS AMERICANAS 879,Expenses:DespesasPessoais:Ana
LOJAS AMERICANAS 879 SAO PAULO BRA,Expenses:DespesasPessoais:Carol
CREDITO EVENTO B3 PROV DIVIDENDOS 100 NEOE3 PROV DIVIDENDOS 100 NEOE3,Income:Investimentos
KIT MURINGAÁ MACA PERUANA FENO GREGO EM PÓ 1 5KG,Expenses:Alimentacao
KIT QUEIJO,Assets:NaoCirculante:Imobilizado
KIT SEMENTE ISLA MINHA HORTA 5 PIMENTAS,Expenses:Moradia:Diversos
KIWIFY WORKSHOPNR COTIA,Expenses:DespesasPessoais:Ana
KOPENHAGEM ITAIPU R,Expenses:Lazer:BaresERestaurantes
LA ROCHE POSAY ANTHELIOS AIRLICIUM PROTETOR SOLAR FACIAL ANTIOLEOSIDADE COR 2 0 REDUZ E CONTROLA A OLEOSIDADE FPS50 TEXTURA FLUIDA ULTRA LEVE 40G,Expenses:DespesasPessoais:Carol
LA ROCHE POSAY CICAPLAST BAUME B5 BÁLSAMO HIDRATANTE MULTIRREPARADOR TRIPLA AÇÃO ENRIQUECIDO COM COMPLEXO TRIBIOMA PARA PELE SENSÍVEL E IRRITADA 20ML,Expenses:DespesasPessoais:Carol
LABORATORIO M PARC R,Expenses:DespesasPessoais:Eduardo
MERCADO CHURRASCO,Expenses:Alimentacao
MERCADO DIVERSOS,Expenses:Alimentacao
MERCADO LIVRE ANA,Expenses:DespesasPessoais:Ana
MERCADO MENSAL PREVISAO,Expenses:Alimentacao
MERCADO NO MERCADO LIVRE,Expenses:Alimentacao
MERCADO PRAIA,Expenses:DespesasPessoais:Carol
MERCADO SOL AMP MAR NITEROI BRME,Expenses:Alimentacao
MERCADOLIVRE 11PRODUT,Expenses:Alimentacao
MARKET POINT,Expenses:DespesasPessoais:Carol
MAURICIO PESSANHA LIMA,Expenses:Moradia:Manutencoes
MC DONALDS,Expenses:Lazer:BaresERestaurantes
MCDONALDS,Expenses:Lazer:BaresERestaurantes
MCDONALDS R,Expenses:Lazer:BaresERestaurantes
MEDICAMENTOS TOTAL,Expenses:Saude:Medicamentos
MEIAS BIKE,Expenses:DespesasPessoais:Eduardo
MERCADO 15PRODUTOS OSASCO BRA,Expenses:Alimentacao
MAIS MOBI RIO DE JANEIR BRA,Expenses:DespesasPessoais:Eduardo
MAISMOBI RIO CARD,Expenses:DespesasPessoais:Carol
MAKEHEADWAY NICOSIA CYP,Expenses:DespesasPessoais:Eduardo
MANY MEN BARBEARIA,Expenses:DespesasPessoais:Eduardo
MANY MEN BARBEARIA NITEROI,Expenses:DespesasPessoais:Eduardo
MARCIA REGINA ALVES DE CARVALHO,Expenses:AjudaFamilia:Dadi
MARCO ANTONIO DOS SANTOS,Expenses:Moradia:Diversos
MARIA DA PRAIA,Expenses:Lazer:BaresERestaurantes
DIEGO EMPREITEIRO,Expenses:Moradia:Manutencoes
DIVERSOS,Expenses:DespesasPessoais:Carol
DIVERSOS ANA TENIS E TC,Expenses:DespesasPessoais:Ana
DIVERSOS MERCADO,Expenses:Alimentacao
DIVERSOS RESTAURANTES CAROL,Expenses:DespesasPessoais:Carol
DIVERSOS UBER CAROL,Expenses:DespesasPessoais:Carol
LÂMPADAS POSTE,Expenses:Moradia:Manutencoes
MAGAZINE TORRA TORRA,Expenses:DespesasPessoais:Carol
MERCADOLIVRE 8PRODUTOS CAJAMAR BRA,Expenses:Alimentacao
MERCADOLIVRE 9PRODUTOS OSASCO,Expenses:Alimentacao
MERCADOLIVRE ABCOMPRAS OSASCO,Assets:NaoCirculante:Imobilizado
MERCADOLIVRE ANDRESACRIOSASCO,Expenses:DespesasPessoais:Eduardo
MERCADOLIVRE ARMARINHOSOSASCO,Expenses:DespesasPessoais:Ana
MERCADOLIVRE ATACADO OSASCO,Expenses:Saude:Medicamentos
MERCADOLIVRE BRUNO PEDREIRA,Assets:NaoCirculante:Imobilizado
MERCADOLIVRE CCFFCC OSASCO BR R,Expenses:Diversos
MERCADOLIVRE 61PRODUT OSASCO BRA,Expenses:Alimentacao
MERCADOLIVRE 6PRO,Expenses:Alimentacao
MERCADOLIVRE 6PRODUTOS JANDIRA,Expenses:Alimentacao
MERCADOLIVRE 7PRODUTO SAO PAULO BRA,Expenses:Alimentacao
MERCADOLIVRE 7PRODUTOS OSASCO,Expenses:Alimentacao
MERCADOLIVRE 7PRODUTOS OSASCO BRA,Expenses:Alimentacao
MERCADOLIVRE 8PRODUTO JUNDIAI BRA,Expenses:Alimentacao
MERCADOLIVRE 8PRODUTO OSASCO BRA,Expenses:Alimentacao
MERCADOLIVRE 3PRODUTOS GUARULHOS BRA,Expenses:AjudaFamilia:Dadi
MERCADOLIVRE 3PRODUTOS OSASCO,Expenses:Moradia:Diversos
MERCADOLIVRE 3PRODUTOS OSASCO BR R,Expenses:AjudaFamilia:Dadi
MERCADOLIVRE 55414479ANOSASCO,Expenses:DespesasPessoais:Ana
MERCADOLIVRE 5PRODUTO COROADOS BRA,Expenses:Alimentacao
MERCADOLIVRE 5PRODUTO SAO PAULO BRA,Expenses:Alimentacao
MERCADOLIVRE 5PRODUTOS IBITINGA,Expenses:Moradia:Diversos
MERCADOLIVRE 5PRODUTOS SAO PAULO BRA,Expenses:DespesasPessoais:Eduardo
MERCADOLIVRE 12PRODUT SO CAETANO DO BRA,Expenses:Alimentacao
MERCADOLIVRE 28PRODUT MONTE MOR BRA,Expenses:Alimentacao
MERCADOLIVRE 2PRODUTO SO PAULO BRA,Expenses:DespesasPessoais:Eduardo
MERCADOLIVRE 3PRO,Assets:NaoCirculante:Imobilizado
MERCADOLIVRE 3PRODUTO SAO PAULO BRA,Expenses:Moradia:Diversos
MERCADOLIVRE 3PRODUTO SO PAULO BRA,Assets:NaoCirculante:Imobilizado
MERCADOLIVRE 3PRODUTOS BARUERI,Expenses:Moradia:Diversos
MERCADOLIVRE 3PRODUTOS CARAGUATATUBA,Expenses:Alimentacao
MERCADOLIVRE STARK RIBEIRAO PRET BRA,Expenses:DespesasPessoais:Eduardo
MERCADOLIVRE TIKTACAC VARZEA PAULIS BRA,Expenses:DespesasPessoais:Eduardo
MERCADOLIVRE TITANESESPOSASCO BR TENIS ANA,Expenses:DespesasPessoais:Ana
MERCADOLIVRE TUDODEFE ITU BRA,Assets:NaoCirculante:Imobilizado
MERCADOLIVRE WEBFONESCOOSASCO,Expenses:DespesasPessoais:Ana
MERCADOLIVRE YELLO OSASCO BR CADERNO BELA,Expenses:AjudaFamilia:AjudaBrunaIsabela
MERCADOPAGO 6PRODUTOS OSASCO,Expenses:Alimentacao
MERCADOPAGO SOLDIERSNUTSAO PAULO,Expenses:Alimentacao
MERCADOLIVRE MERCADOL MONTE MOR BRA,Expenses:Alimentacao
MERCADOLIVRE MERCADOL RIO DE JANEIR BRA,Expenses:Alimentacao
MERCADOLIVRE MERCADOL SANTO ANDR BRA,Expenses:DespesasPessoais:Eduardo
MERCADOLIVRE MERCADOL SAO BERNARDO BRA,Expenses:Automovel:Manutencoes
MERCADOLIVRE MOVIMENTOCOSASCO,Expenses:AjudaFamilia:Dadi
MERCADOLIVRE NEWBEAUTY SAO PAULO BRA,Expenses:DespesasPessoais:Eduardo
MERCADOLIVRE NNJJJIJI OSASCO,Expenses:DespesasPessoais:Eduardo
MERCADOLIVRE PRODUTOSO OSASCO,Expenses:DespesasPessoais:Ana
MERCADOLIVRE LBCOMERC BELO HORIZONT BRA,Expenses:Alimentacao
MERCADOLIVRE MARIABARACOSASCO COMPUTADOR,Expenses:DespesasPessoais:Ana
MERCADOLIVRE MERC,Expenses:DespesasPessoais:Ana
MERCADOLIVRE MERCADOL ARARAS BRA,Expenses:Alimentacao
MERCADOLIVRE MERCADOL FRANCA BRA,Assets:NaoCirculante:Imobilizado
MERCADOLIVRE MERCADOL HORTOLANDIA BRA,Expenses:DespesasPessoais:Eduardo
MERCADOLIVRE MERCADOL JANDIRA BRA,Expenses:Alimentacao
MERCADOLIVRE MERCADOL JUNDIAI BRA,Expenses:Moradia:Diversos
MERCADOLIVRE CLIQON MOGI DAS CRUZ,Expenses:Moradia:Diversos
MERCADOLIVRE COMPANHIABOSASCO,Expenses:Alimentacao
MERCADOLIVRE COMPREROUPOSASCO BR R,Expenses:DespesasPessoais:Eduardo
MERCADOLIVRE CONSTRUMAROSASCO,Expenses:DespesasPessoais:Eduardo
MERCADOLIVRE EBARTYSTOROSASCO,Expenses:DespesasPessoais:Eduardo
MERCADOLIVRE EBUY OSASCO BR R,Expenses:DespesasPessoais:Ana
MERCADOLIVRE FLAYOUTLE NOVA SERRANA,Expenses:DespesasPessoais:Eduardo
MERCADOLIVRE ISCALIDI OSASCO BRA,Expenses:Moradia:Diversos
CLOUDPARK,Expenses:DespesasPessoais:Carol
CLOUDPARK BLUMENAU BRA,Expenses:DespesasPessoais:Ana
CLUBE 1,Expenses:Diversos
COBASI GUANAB PARC,Expenses:DespesasPessoais:Ana
COFFEETOWN THE AMERICA,Expenses:DespesasPessoais:Eduardo
COMBUSTÍVEL,Expenses:Automovel:Gasolina
COMPANYSOFTFILTRO NITEROI,Expenses:Moradia:Manutencoes
COMPAO,Expenses:Lazer:BaresERestaurantes
CENTRAL DELIVERY NIT,Expenses:Lazer:BaresERestaurantes
CENTRÍFUGA DE SALADA SECADOR VERDURAS MANUAL 4 LITROS CORES COR CINZA,Assets:NaoCirculante:Imobilizado
CERTIFICADOS ANA,Expenses:DespesasPessoais:Ana
CESTAS BÁSICAS,Expenses:PresentesDoacoes:Dizimos
CHEIRIN BÃO,Expenses:Lazer:BaresERestaurantes
CIA AEREA TAXA DE EMBARQUE,Expenses:DespesasPessoais:Ana
CINEMARK NITEROI,Expenses:Lazer:BaresERestaurantes
CIÊNCIAS SOCIAIS ESTÁCIO,Expenses:DespesasPessoais:Eduardo
MP DUDAMOTO RIO DE JANEIR BRA,Expenses:Saude:Medicamentos
MP GROWTHSUPPLEMENTS TIJUCAS BRA,Expenses:Alimentacao
MP HAVONNAN OSASCO,Expenses:DespesasPessoais:Carol
MP KARENFARIAS NITERI BRA,Expenses:DespesasPessoais:Ana
MP MELIMAIS OSASCO BR R,Expenses:Lazer:CinemaEAluguelDeVideosEMusica
MP PADARIAPAONOS ARRAIAL DO CA BRA,Expenses:DespesasPessoais:Eduardo
CASE PHOLEX PARA HD NOTEBOOK SATA SSD 2 5 USB 3 0 PC TV XBOX PS4 CINZA ESCURO,Expenses:DespesasPessoais:Eduardo
CEA NIT 560 ECPC,Expenses:DespesasPessoais:Ana
MESTRE DO SUCO,Expenses:Lazer:BaresERestaurantes
MESTRE DO SUCO NITEROI,Expenses:Lazer:BaresERestaurantes
MIARMAR MAKE,Expenses:DespesasPessoais:Carol
MOBILIA ML,Assets:NaoCirculante:Imobilizado
MOEDOR DE CAFÉ MANUAL,Expenses:DespesasPessoais:Eduardo
MORALES ITAIPU,Expenses:AjudaFamilia:AjudaJuju
MOSTARO CAROL,Expenses:DespesasPessoais:Carol
MP ANDREBANCA,Expenses:DespesasPessoais:Carol
OUTBACK NITEROI II NITEROI,Expenses:Lazer:BaresERestaurantes
OUTBACK NORTE SHOPPING RIO DE JANEIR BRA,Expenses:DespesasPessoais:Eduardo
PACK CAFÉ SANTA MONICA GRÃO GOURMET 1KG E TORRA ITALIANA 1KG,Expenses:Alimentacao
PADARIA DOMINGUES D SA,Expenses:DespesasPessoais:Ana
PADSAGENS,Expenses:DespesasPessoais:Carol
PAGAMENTO DE BOLETO CIEBE CENTRO INTEGRADO DE ED,Expenses:DespesasPessoais:Ana
PAGAMENTO DE FATURA CARTÃO DE CRÉDITO INTER FEVEREIRO 2025,Liabilities:Circulante:Cartoes:Inter
PAGAMENTO DE FATURA CARTÃO DE CRÉDITO INTER JANEIRO 2025,Liabilities:Circulante:Cartoes:Inter
NITEROI PARK LTDA NITEROI,Expenses:DespesasPessoais:Eduardo
O BURGUES ITAIPU,Expenses:Lazer:BaresERestaurantes
O BURGUES ITAIPU NITEROI,Expenses:Lazer:BaresERestaurantes
O JOGO DA DISSIMULAÇÃO,Expenses:DespesasPessoais:Eduardo
OCEAN FARMA DE PIRATIN NITEROI,Expenses:Saude:Medicamentos
OCÉANE OCEANE BRILHO LABIAL ROSA GLOSSY ME ROSE OCÉANE EDITION 4G,Expenses:DespesasPessoais:Carol
OPENAI OPENAI COM,Expenses:DespesasPessoais:Eduardo
ORFEU CAFÉ EM GRÃOS DESCAFEINADO ORFEU 250G ORFEU CAFÉ EM GRÃOS DESCAFEINADO ORFEU 250G,Expenses:DespesasPessoais:Eduardo
MP REIDAPICANHA OSASCO,Expenses:Lazer:BaresERestaurantes
MR FRANGO NITEROI,Expenses:Lazer:BaresERestaurantes
MULTA CONTRATUAL,Expenses:ImpostosTaxasJuros:Juros
MWRCADO TOTAL NÃO LANÇADO,Expenses:Alimentacao
NABRASA,Expenses:Lazer:BaresERestaurantes
NAUERZ 300 ML CAFETEIRA DE PRESSÃO MANUAL POTE DE FILTRO DE PRESSÃO PORTÁTIL PRENSA MANUAL PARA CAFÉ SUPORTE PARA FILTRAR CAFÉ COM 100 PEÇAS DE PAPEL,Expenses:DespesasPessoais:Eduardo
NERONE GELATO,Expenses:DespesasPessoais:Eduardo
NIC,Expenses:DespesasPessoais:Eduardo
COMPAO NITEROI,Expenses:Lazer:BaresERestaurantes
COMPRAS DIVERSAS CAROL,Expenses:Alimentacao
COMPRAS MERCADO LIVRE259 03,Expenses:Alimentacao
COMRPAS DIVERSAS,Expenses:Alimentacao
CONDOMINIO DO EDIFIC,Expenses:AjudaFamilia:Dadi
CONI DELIVERY,Expenses:Lazer:BaresERestaurantes
CONSERTO AR CAROL,Expenses:Moradia:Manutencoes
MP QBITAIPU OSASCO,Expenses:DespesasPessoais:Ana
PIX ENVIADO 10 22 WISE BRASIL CORRETORA DE C,Expenses:Lazer:Viagem
PIX ENVIADO 10 45 WISE BRASIL CORRETORA DE C,Expenses:Lazer:Viagem
PIX ENVIADO 12 13 WISE BRASIL CORRETORA DE C,Expenses:Lazer:Viagem
PIX ENVIADO 12 14 WISE BRASIL CORRETORA DE C,Expenses:Lazer:Viagem
PIX ENVIADO 12 21 MARCIO ALEXANDRE COSTA CAR,Expenses:DespesasPessoais:Carol
PIX ENVIADO 12 36 AIBR INSTITUICAO DE PAGAME,Expenses:DespesasPessoais:Eduardo
PIX ENVIADO 12 47 WISE BRASIL CORRETORA DE C,Expenses:Lazer:Viagem
PIX ENVIADO 13 31 FLIXBUS HOLDING DO BRASIL,Expenses:Lazer:Viagem
PIX ENVIADO 00019 LARISSA RAMALHO DE PADUA LARISSA RAMALHO DE PADUA,Expenses:Lazer:BaresERestaurantes
PIX ENVIADO 06 31 FLIXBUS HOLDING DO BRASIL,Expenses:Lazer:Viagem
PIX ENVIADO 07 52 MARIANA DE OLIVEIRA SARAC,Expenses:Diversos
PIX ENVIADO 09 29 ODP OUTLET DE PASSAGENS,Expenses:Lazer:Viagem
PIX ENVIADO 09 30 WISE BRASIL CORRETORA DE C,Expenses:Lazer:Viagem
PIX ENVIADO 09 36 WISE BRASIL CORRETORA DE C,Expenses:Lazer:Viagem
PIX ENVIADO 09 46 WISE BRASIL CORRETORA DE C,Expenses:Lazer:Viagem
PIX ENVIADO 09 56 ODP OUTLET DE PASSAGENS,Expenses:Lazer:Viagem
PAO E ETC PRAIA ICARAI,Expenses:DespesasPessoais:Eduardo
PASSAGEM CAROL,Expenses:DespesasPessoais:Carol
PASSAGENS SANDRO,Expenses:Moradia:Manutencoes
PAULO CEZAR DA SILVA FUNDAO EMPADINHAS,Expenses:Lazer:BaresERestaurantes
PHILIP MEAD STORE,Expenses:Alimentacao
PIQTA PAPELARIA,Expenses:DespesasPessoais:Ana
PIX ENVIADO 00019 ESPACO HAVONNAN CAMBOINHAS COMERCIO HAVONNAN,Expenses:DespesasPessoais:Ana
PIX ENVIADO 00019 ISABELA FONTES ELIAS ISABELA FONTES ELIAS,Expenses:AjudaFamilia:AjudaBrunaIsabela
PAGAMENTO DE FATURA SARAIVA JANEIRO 2025,Liabilities:Circulante:Cartoes:Saraiva
PAGAMENTO DE FATURA SMILES BB PLATINUM FEVEREIRO 2025,Liabilities:Circulante:Cartoes:SmilesBbPlatinum
PAGAMENTO DE FATURA SMILES BB PLATINUM JANEIRO 2025,Liabilities:Circulante:Cartoes:SmilesBbPlatinum
PAGAR ME PAGAMENTOS,Expenses:Diversos
PAGTO VIA AUTO ATEND BB GRU GUIA RECOLHIM UNIAO,Expenses:DespesasPessoais:Ana
PAIDOCA PADARIA ARTESA RIO DE JANEIR BRA,Expenses:DespesasPessoais:Eduardo
PALHETAS LIMPADOR PARABRISA BOSCH AEROFIT SILICONE ORIGINAL,Expenses:Automovel:Manutencoes
PANELA DE PRESSÃO 4 5 LITROS PANELUX CLASSIC POLIDA ALUMÍNIO COR PRATEADO 1 UNIDADE,Assets:NaoCirculante:Imobilizado
CABIDE ADUTO DE PLASTICO PRETO KIT COM 30 CABIDES TOP,Expenses:DespesasPessoais:Eduardo
CABIDES,Expenses:Moradia:Diversos
CABO FREIO MOVIMENTO CENTRAL,Expenses:DespesasPessoais:Eduardo
CADEIRAS PRAIA CAMPING,Expenses:Moradia:Diversos
CAFETOCCOEMPORIO,Expenses:Alimentacao
CAFÉ SEPULTAMENTO,Expenses:DespesasPessoais:Eduardo
CAIXA DE SOM INAVA GO 4 BLUETOOTH PORTÁTIL 12H DE REPRODUÇÃO À PROVA D ÁGUA IP67 TWS FM USB TF VERDE,Assets:NaoCirculante:Imobilizado
CALIFORNIA COFFEE NITEROI,Expenses:DespesasPessoais:Eduardo
PIX ENVIADO CP HERCOLES BARCELOS DE ANDRADE HERCOLES BARCELOS DE ANDRADE,Expenses:PresentesDoacoes:AjudasDiversas
BOBS RIO DE JANEIR,Expenses:Lazer:BaresERestaurantes
BRASIL CACAU,Expenses:DespesasPessoais:Eduardo
BREVE HISTÓRIA DE QUASE TUDO,Expenses:DespesasPessoais:Eduardo
BRS SHEINCOM,Expenses:DespesasPessoais:Carol
BRS SHEINCOM SAO PAULO,Expenses:DespesasPessoais:Ana
BUTECO,Expenses:DespesasPessoais:Carol
C A,Expenses:DespesasPessoais:Carol
PIX ENVIADO 21 01 ANA LUCIA COSTA CARVALHO D,Expenses:DespesasPessoais:Ana
PIX ENVIADO CP ANDRE LUIZ DA SILVA MESQUITA ANDRE LUIZ DA SILVA MESQUITA,Expenses:DespesasPessoais:Eduardo
PIX ENVIADO CP CENTRAL DE REGISTROS CARTORIAIS CENTRAL DE REGISTROS CARTORIAIS,Expenses:ImpostosTaxasJuros:Taxas
PIX ENVIADO CP CLAUDIO MUNIZ HADDAD CLAUDIO MUNIZ HADDAD,Expenses:DespesasPessoais:Eduardo
PIX ENVIADO CP CLUBE CLUBE,Expenses:Diversos
PIX ENVIADO CP DIEGO COSTA RODRIGUES DIEGO COSTA RODRIGUES,Expenses:Moradia:Manutencoes
PIX ENVIADO CP FUNDACAO BIBLIOTECA NACIONAL FUNDACAO BIBLIOTECA NACIONAL FUNDACAO BIBLIOTECA NACIONAL FUNDACAO BIBLIOTECA NACIONAL,Expenses:DespesasPessoais:Eduardo
PIX ENVIADO CP GROWTH SUPPLEMENTS GROWTH SUPPLEMENTS,Expenses:Alimentacao
PIX ENVIADO 13 35 SHPP BRASIL INSTITUICAO DE,Expenses:DespesasPessoais:Eduardo
PIX ENVIADO 13 42 WISE BRASIL CORRETORA DE C,Expenses:Lazer:Viagem
PIX ENVIADO 14 55 WISE BRASIL CORRETORA DE C,Expenses:Lazer:Viagem
PIX ENVIADO 15 04 AIBR INSTITUICAO DE PAGAME,Expenses:DespesasPessoais:Eduardo
PIX ENVIADO 16 17 WISE BRASIL CORRETORA DE C,Expenses:Lazer:Viagem
PIX ENVIADO 17 46 JOSE EDUARDO ALVES DE CARV,Expenses:Lazer:Viagem
PIX ENVIADO 17 59 POSITIVO TECNOLOGIA S A,Expenses:DespesasPessoais:Ana
PIX ENVIADO 19 20 TIM S A,Expenses:DespesasPessoais:Ana
ARTESANATO DA RETA SAQUAREMA BRA,Expenses:DespesasPessoais:Ana
ASSB COMERCIO VAREJIST R,Expenses:Alimentacao
ASSB COMERCIO VAREJIST R DONA VERA,Expenses:Reembolsadas
AUTO POSTO GERANIUS CA,Expenses:Automovel:Gasolina
AUTO POSTO GERANIUS CA NITEROI,Expenses:Automovel:Gasolina
BANDANA BIKE,Expenses:DespesasPessoais:Eduardo
BAR EVENTOS,Expenses:DespesasPessoais:Carol
BAR TEMÁTICO BRUJO,Expenses:Lazer:BaresERestaurantes
PIZZARIA DI LIDIA ITAI,Expenses:Lazer:BaresERestaurantes
PLANET CINEMA NITEROI,Expenses:Lazer:Cinema
POSTO MARAVISTA EIRELI NITEROI,Expenses:Automovel:Gasolina
POSTO TREVO DE PIRATIN AUTO POSTO GERANIUS CA,Expenses:Automovel:Gasolina
POSTO VIP GAVIAO NITEROI,Expenses:Automovel:Manutencoes
POSTODE,Expenses:Automovel:Gasolina
AREIA FORMIGAS,Expenses:Moradia:Manutencoes
ART PIZZA,Expenses:DespesasPessoais:Ana
PIX ENVIADO CP O M SERVICOS ADMINISTRATIVOS LTDA O M SERVICOS ADMINISTRATIVOS LTDA,Expenses:DespesasPessoais:Ana
PIX ENVIADO CP PAULO CEZAR DA SILVA FUNDAO PAULO CEZAR DA SILVA FUNDAO,Expenses:Lazer:BaresERestaurantes
PIX ENVIADO CP RD SAUDE RD SAUDE,Expenses:Saude:Medicamentos
PIX ENVIADO CP SANDRO FELIX DE OLIVEIRA SANDRO FELIX DE OLIVEIRA,Expenses:Moradia:Manutencoes
PIX ENVIO DEVOLVIDO 00 08 AIBR INSTITUICAO DE PAGAME,Income:Diversos
PIX MARKETPLACE,Expenses:DespesasPessoais:Ana
PIZZA DO RAO ITAIPU,Expenses:Lazer:BaresERestaurantes
PIZZA HUT,Expenses:DespesasPessoais:Carol
CAPA TABLET,Expenses:DespesasPessoais:Eduardo
CAROL DIVERSOS,Expenses:DespesasPessoais:Carol
CAROL TOTAL FATURA CARTAO,Expenses:DespesasPessoais:Carol
CAROL UBER,Expenses:DespesasPessoais:Carol
CARREGADOR SUPER TURBO 50W ULTRA RÁPIDO TIPO C E USB COM CARREGAMENTO RÁPIDO CABO TIPO C COMPATÍVEL COM TODOS APARELHOS TYPE C,Expenses:DespesasPessoais:Eduardo
CARREGADOR TURBO CABO USB C LIGHTNING FONTE 25W ULTRA RAPIDO COMPATÍVEL IPHONE SE X XR 11 12 13 14 FAST CHARGE PREMIUM UTBRX CARREGADOR TURBO CABO USB C LIGHTNING FONTE 25W ULTRA RAPI,Expenses:DespesasPessoais:Carol
PIX ENVIADO CP MAISMOBI MAISMOBI,Expenses:DespesasPessoais:Carol
PIX ENVIADO CP NITEROI ROTATIVO NITEROI ROTATIVO,Expenses:Moradia:Diversos
RAIA DROGASIL,Expenses:Saude:Medicamentos
RAIA2694,Expenses:Saude:Medicamentos
RAPHAEL SANTOS TIBAO RODRIGUES NOVO AR ESCRITÓRIO,Expenses:Moradia:Manutencoes
RECEBIMENTO DE PROVENTOS SERVICO FEDERAL DE PROCESSAMENTO DE DATA BALANC,Income:Ativa:Salario:Serpro
REDE ECONOMIA NITEROI,Expenses:Alimentacao
REDE ECONOMIA R,Expenses:Alimentacao
REGISTROBR,Expenses:DespesasPessoais:Eduardo
REIMIX COMERCIO DE CAL,Expenses:DespesasPessoais:Ana
PROV FRAÇÕES ITSA4,Income:Investimentos
PROV JUROS S CAPITAL 100 ABCB4,Income:Investimentos
PROV JUROS S CAPITAL 100 EGIE3,Income:Investimentos
PROV JUROS S CAPITAL 100 GRND3,Income:Investimentos
PROV JUROS S CAPITAL 200 TUPY3,Income:Investimentos
PSICANÁLISE ANA,Expenses:DespesasPessoais:Ana
PÃES,Expenses:Alimentacao
PÓS ANA,Expenses:DespesasPessoais:Ana
BISTRO VEGANO FAMILIA,Expenses:Alimentacao
BNBCRJSERVICOS,Expenses:DespesasPessoais:Carol
PROMETHEASE COM DNA POTOMAC USA,Expenses:DespesasPessoais:Eduardo
PROV DIVIDENDOS 100 EGIE3,Income:Investimentos
PROV DIVIDENDOS 100 GRND3,Income:Investimentos
PROV DIVIDENDOS 100 MYPK3,Income:Investimentos
PROV DIVIDENDOS 100 WIZC3,Income:Investimentos
PROV DIVIDENDOS 200 CPLE6,Income:Investimentos
BARBANTE 100 ALGODÃO CRU ETC,Expenses:Moradia:Diversos
BARBEADOR,Expenses:DespesasPessoais:Eduardo
BARBEIRO,Expenses:DespesasPessoais:Eduardo
BARES E RESTAURANTES TOTAL,Expenses:Lazer:BaresERestaurantes
BARES MENSAL PREVISÃO,Expenses:Lazer:BaresERestaurantes
BELLINE NITEROI,Expenses:Lazer:BaresERestaurantes
BELLINE R,Expenses:Lazer:BaresERestaurantes
BENE GELATO,Expenses:Lazer:BaresERestaurantes
AMAZONMKTPLC QUEIROZSH SAO BERNARDO BRA,Expenses:DespesasPessoais:Eduardo
AMAZONPRIMEBR,Expenses:DespesasPessoais:Ana
ANA DIVERSOS,Expenses:DespesasPessoais:Ana
ANA LUCIA CARVALHO ARMAZEM CAMBOINHAS 122 12,Expenses:Alimentacao
ANA LUCIA CARVALHO NITEROI PARK LTDA 4,Expenses:DespesasPessoais:Ana
ANA LUCIA CARVALHO ZIG ARENA JOCKEY RJ 20 44,Expenses:DespesasPessoais:Ana
ANA PAGTO PASSAGEM,Expenses:Lazer:Viagem
ANA PAULA MAMÃE,Expenses:PresentesDoacoes:Presentes
SABOR E ARTE BUFE E SE NITEROI,Expenses:DespesasPessoais:Eduardo
SABOR E ARTE COMERCIO DNITEROI,Expenses:Lazer:BaresERestaurantes
ALL BEAUTY R DONA VERA,Expenses:Reembolsadas
AMAZFIT BIP 6,Expenses:DespesasPessoais:Eduardo
AMAZON DIGITAL BR SAO PAULO BRA,Expenses:DespesasPessoais:Eduardo
AMAZONMKTPLC DUARFRECO SAO PAULO,Assets:NaoCirculante:Imobilizado
AMAZONMKTPLC LCBRASILI SANTO ANDRE BRA,Expenses:DespesasPessoais:Carol
AMAZONMKTPLC MAUABOOKS MAUA BRA,Expenses:DespesasPessoais:Eduardo
RIOPAR PARTICIPACOES SA,Expenses:Moradia:Manutencoes
RIOPAR PARTICIPACOES SA SANDRO,Expenses:Moradia:Manutencoes
RIOPAR RIO DE JANEIR BRA,Expenses:DespesasPessoais:Eduardo
RISQUÉ ESMALTE BIO BRANCO CREMOSO LÍRIO BRANCO 9ML RISQUÉ ESMALTE BIO BRANCO CREMOSO LÍRIO BRANCO 9ML,Expenses:DespesasPessoais:Carol
RISQUÉ ESMALTE CREMOSO CHOCLIGHT 8ML,Expenses:DespesasPessoais:Carol
ROLO DE MASSA DE MADEIRA 43CM TRADICIONAL PARA ABRIR MASSAS DE PÃO PIZZA PASTEL E CONFEITARIA,Assets:NaoCirculante:Imobilizado
ROTA DA SEDA,Expenses:DespesasPessoais:Eduardo
SAARA DO BRASIL LTDA,Expenses:DespesasPessoais:Ana
RESTAURANTE VERANDA NITEROI,Expenses:Lazer:BaresERestaurantes
RESTAURANTEFRUTOS SAO GONCALO,Expenses:Lazer:BaresERestaurantes
RESTAURANTES NÃO LANÇADOS,Expenses:Lazer:BaresERestaurantes
RESTITUIÇÃO IR,Expenses:ImpostosTaxasJuros:Impostos
RETROATIVO ACT,Income:Ativa:Salario:Serpro
REUNIDOS COMERCIO DE,Expenses:Alimentacao
RIO CARD MAISMOBI,Expenses:DespesasPessoais:Eduardo
RIOPAR PARTICIPACOES S A,Expenses:DespesasPessoais:Carol
SHOPEE OLHAPRAMI,Expenses:AjudaFamilia:AjudaJuju
SHOPEE ROMASTYLE PO,Expenses:DespesasPessoais:Ana
SHOPPING HAIR,Expenses:DespesasPessoais:Carol
SPEED FARMA 8,Expenses:DespesasPessoais:Carol
SS NUTY COMERCIO DE AL RIO DE JANEIR BRA,Expenses:Lazer:BaresERestaurantes
SUECIA GOURMET RESTAUR RIO DE JANEIR BRA,Expenses:DespesasPessoais:Eduardo
SUPERMARKET,Expenses:Alimentacao
SUPERMERCADO PADRAO D R,Expenses:Alimentacao
SHOPEE HLFASHIONMODAF S O PAULO,Expenses:DespesasPessoais:Ana
SHOPEE IMPACTOPERSONA,Expenses:DespesasPessoais:Carol
SHOPEE KHAZIDECORAO DIVINOPOLIS,Expenses:DespesasPessoais:Ana
SHOPEE LARFELIZ COTIA BRA,Expenses:DespesasPessoais:Carol
SHOPEE LOJALEME CONCHAS,Expenses:DespesasPessoais:Ana
SHOPEE LQSHOP,Expenses:DespesasPessoais:Carol
SHOPEE MODELLA SO PAULO BRA CAMISAS,Expenses:DespesasPessoais:Eduardo
SHOPEE NATHYDECCOR,Expenses:DespesasPessoais:Ana
SHAMPOO CABELO E CORPO MASCULINO,Expenses:DespesasPessoais:Eduardo
SHAMPOOS,Expenses:DespesasPessoais:Eduardo
SHEIN 59 734 596 TIAGSAO PAULO,Expenses:DespesasPessoais:Ana
SHOPEE CHSOLUCOES COLOMBO,Expenses:AjudaFamilia:AjudaBrunaIsabela
SHOPEE CLASSIC ANPOLIS,Expenses:DespesasPessoais:Ana
SHOPEE EXTRACHARMOSA SO PAULO,Expenses:DespesasPessoais:Ana
SHOPEE GABIPERFUMARIA,Expenses:DespesasPessoais:Carol
SHOPEE GLAMOURDECORA FRANCO DA ROC,Expenses:DespesasPessoais:Ana
ANGELICA M DA SILVA,Expenses:Moradia:Manutencoes
ANIE KELLY SILVA SANTOS,Expenses:DespesasPessoais:Eduardo
ANTHROPIC SAN FRANCISCO USA,Expenses:DespesasPessoais:Eduardo
ANUIDADE,Expenses:ImpostosTaxasJuros:Taxas
APART CAR ESTACIONAMEN RIO DE JANEIR BRA,Expenses:DespesasPessoais:Eduardo
APSERVICOSDEAPOIO,Expenses:Diversos
SACO DE LIXO 200L GROSSO PRETO REFORÇADO RESISTENTE 100 UN,Expenses:Alimentacao
SALON LINE ÓLEO CAPILAR REPARADOR MULTY PODEROSOS CACHOS DOS SONHOS MELANCIA E MIX DE ÓLEOS PARA TODOS OS TIPOS DE CABELOS 50ML,Expenses:DespesasPessoais:Carol
ZEENOE COMPRA BUBU,Expenses:AjudaFamilia:AjudaBrunaIsabela
ZELITO FRUTOS DO MAR L NITEROI,Expenses:Lazer:BaresERestaurantes
ZIP LOC,Expenses:Moradia:Diversos
ZOHO ZOHO CORP FLORIAN POLIS BRA,Expenses:DespesasPessoais:Eduardo
ZP ELO7 ELO7 SAO PAULO BRA,Expenses:DespesasPessoais:Ana
26 DE SET 2025 MARINARAQUEL R,Expenses:DespesasPessoais:Carol
27 DE SET 2025 UBER TRIP R,Expenses:DespesasPessoais:Carol
USE GAS,Expenses:AjudaFamilia:AjudaBrunaIsabela
ÓLEO MAQUINA CORRENTE,Expenses:DespesasPessoais:Eduardo
WENDELL AZEVEDO,Expenses:DespesasPessoais:Carol
WHEY CAROL,Expenses:DespesasPessoais:Carol
ZE DELIVERY AV 7,Expenses:Lazer:BaresERestaurantes
ZE DELIVERY AV 7 II,Expenses:Lazer:BaresERestaurantes
ZE DELIVERY AV 7 NITEROI,Expenses:Lazer:BaresERestaurantes
ZEE NOW ZEE,Expenses:AjudaFamilia:AjudaBrunaIsabela
ZEE NOW ZEE NOW QUEIMADOS BR,Expenses:DespesasPessoais:Carol
ALIPAY BRASIL MEIOS DE PAGAMENTO LTDA,Expenses:DespesasPessoais:Eduardo
ALIPAYALIEXPRESS PIX,Expenses:DespesasPessoais:Eduardo
ALL BEAUTY,Expenses:DespesasPessoais:Ana
TRAVESSEIRO DE CORPO GIGANTE 100 FIBRA SILICONADA,Expenses:DespesasPessoais:Eduardo
TRESS MERCADO CAMBOINHAS,Expenses:Alimentacao
VENTILADOR,Assets:NaoCirculante:Imobilizado
VIAJANET BARUERI,Expenses:DespesasPessoais:Ana
VILA DA PONTE BAR E RE R,Expenses:Lazer:BaresERestaurantes
ADEILSON DOS SANTOS,Expenses:Diversos
ADILSONHENRIQUEDA NITEROI,Expenses:DespesasPessoais:Ana
ADOÇANTE TAL E QUAL PÓ CULINARIO FORNO E FOGÃO DIET 500G,Expenses:AjudaFamilia:Dadi
AIBR INSTITUICAO DE PAGAMENTO LTDA,Expenses:DespesasPessoais:Eduardo
AIR FRYER,Assets:NaoCirculante:Imobilizado
AJUSTE,Income:Diversos
AJUSTE SALDO FATURA,Expenses:Diversos
ALINE FERREIRA DA LUZ COCADAS,Expenses:Lazer:BaresERestaurantes
18 34 REGINA CELIA A PIX RECEBIDO,Expenses:AjudaFamilia:Dadi
18 DE MAI 2025 DROGAS PACHECO 221 R,Expenses:Saude:Medicamentos
21 DE MAI 2025 YORUBAR R,Expenses:DespesasPessoais:Carol
23 DE OUT 2025 SHOPEE VENTURINIPESCA R,Expenses:DespesasPessoais:Carol
23 DE OUT 2025 SHOPEE VITALBIJUTERIA R,Expenses:DespesasPessoais:Carol
23 DE OUT 2025 UBER UBER TRIP HELP U R,Expenses:DespesasPessoais:Carol
24 DE JAN 2026 UBER UBER TRIP HELP U R,Expenses:DespesasPessoais:Carol
24 DE OUT 2025 CAVAALTA R,Expenses:DespesasPessoais:Carol
13 DE MAI 2025 POSTO MARALEGRE R,Expenses:Automovel:Gasolina
13O SALÁRIO PARTE 2,Income:Ativa:Salario:Serpro
14 DE MAI 2025 EXTRA HIPER 1804 R,Expenses:Alimentacao
14 DE NOV 2025 LOJAS AMERICANAS 87 R,Expenses:DespesasPessoais:Carol
16 DE MAI 2025 NERIAH DE ICARAI PROD R,Expenses:DespesasPessoais:Carol
16 DE OUT 2025 IMPORT FIT R,Expenses:DespesasPessoais:Carol
17 DE JAN 2026 IFD RAIZ VEGANA CONGEL R,Expenses:Alimentacao
17 DE MAI 2025 DELIVERY R,Expenses:DespesasPessoais:Carol
06 DE NOV 2025 SHOPEE LIFESHAPER R,Expenses:DespesasPessoais:Carol
07 DE NOV 2025 UBER TRIP R,Expenses:DespesasPessoais:Carol
08 DE JAN 2026 EC MELIMAIS R,Expenses:Lazer:Streaming
08868,Expenses:ImpostosTaxasJuros:Juros
08868 DOLAR CONTA INTER GLOBAL,Expenses:Diversos
08870,Expenses:ImpostosTaxasJuros:Juros
08870 DOLAR CONTA INTER GLOBAL,Expenses:Diversos
02 DE OUT 2025 IOF INTERNACIONAL R,Expenses:DespesasPessoais:Eduardo
USE GAS COMERCIO E TR NITEROI,Expenses:Alimentacao
VALDEIR DA SILVA FONSECA FLANELINHA,Expenses:Lazer:BaresERestaurantes
VALORI MOSTARO,Expenses:Lazer:BaresERestaurantes
VALORI MOSTARO RESTAU,Expenses:Lazer:BaresERestaurantes
VARANDA RESTAURANTE R,Expenses:Lazer:BaresERestaurantes
VARIEDADES PIRATININ NITEROI,Expenses:DespesasPessoais:Ana
ÓLEO FILTRO,Expenses:Automovel:Manutencoes
05 DE JAN 2026 IFD AMERICANAS SA EM R R,Expenses:Lazer:BaresERestaurantes
WASHINGTON LUIZ DA LUZ,Expenses:PresentesDoacoes:AjudasDiversas
DEBITO AUTOMATICO FATURA CARTAO INTER,Liabilities:Circulante:Cartoes:Inter
PAGAMENTO EFETUADO DEBITO AUTOMATICO FATURA CARTAO INTER,Liabilities:Circulante:Cartoes:Inter
ANA LUIZA ALVES DE CARVALHO,Expenses:AjudaFamilia:Dadi
JOSE RAIMUNDO FERREIRA DO NASCIMENTO,Expenses:AjudaFamilia:Dadi
LESTE TELECOM,Expenses:Moradia:Internet
WASHINGTON LUZ,Expenses:PresentesDoacoes:AjudasDiversas
MUNICIPIO DE NITEROI,Expenses:ImpostosTaxasJuros:Impostos
PIX ENVIADO CP ANA LUIZA ALVES DE CARVALHO,Expenses:AjudaFamilia:Dadi
PIX ENVIADO CP JOSE RAIMUNDO FERREIRA DO NASCIMENTO,Expenses:AjudaFamilia:Dadi
PIX ENVIADO CP LESTE TELECOM,Expenses:Moradia:Internet
PIX ENVIADO CP WASHINGTON LUIZ DA LUZ,Expenses:PresentesDoacoes:AjudasDiversas
PIX ENVIADO CP MUNICIPIO DE NITEROI,Expenses:ImpostosTaxasJuros:Impostos
AGUAS DE NITEROI,Expenses:Moradia:Agua
PORTO SEGURO CIA DE SEGUR,Expenses:Automovel:Seguro
ENEL DISTRIBUICAO RIO,Expenses:Moradia:Luz
SEM PARAR,Expenses:Automovel:EstacionamentosPedagios
REGINA CELI,Income:Diversos
REGINA CELI,Income:Diversos
PORTO SEGURO CIA DE SEGUR,Expenses:Automovel:Seguro
ENEL DISTRIBUICAO RIO,Expenses:Moradia:Luz
SEM PARAR,Expenses:Automovel:EstacionamentosPedagios
AGUAS DE NITEROI S A,Expenses:Moradia:Agua
CAROLINA CARVALHO,Expenses:DespesasPessoais:Carol
RD SAUDE,Expenses:Saude:Medicamentos
IRRF,Expenses:ImpostosTaxasJuros:Impostos
PIX RECEBIDO JOSE EDUARD,Equity:TransferenciasPendentes
PIX RECEBIDO 12 18 JOSE EDUARD,Equity:TransferenciasPendentes
JOSE EDUARD,Equity:TransferenciasPendentes
RECEBIMENTO DE PROVENTOS,Income:Ativa:Salario:Serpro
RD SAUDE,Expenses:Saude:Medicamentos
IRRF,Expenses:ImpostosTaxasJuros:Impostos
